Name,Min P,Max P,Stage -1,Stage 0,Stage 1,Stage 2,Stage 3,Stage 4,Stage 5,Stage 6,Stage 7,Stage 8,Stage 9,Stage 10,Stage 11,Stage 12,Stage 13,Stage 14,Stage 15
STCR5-_1,0,45,4.500000022,4.500000022,4.512013134,4.512013134,5.010628075,5.514017813,5.549108361,5.646881306,26.15688676,30.88451922,17.53364946,25.2145841,19.35064434,41.81353532,33.19756644,36.06375032,30.91273321
CRAG0A_1,0,8,0,0,0,0,0,0,0,0,0,0,0,0,0,0,0,0,0
CRAG0B_1,0,2.200000048,0,0,0,0,0,0,0,0,0,0,2.00E-10,2.00E-10,2.00E-10,2.00E-10,2.00E-10,2.00E-10,2.00E-10
EWHC0G_1,0,12,0,0,0,0,0,0,0,0,0,0,0,0,0,4.999999951,5.000014879,5.00000018,5.000013045
WYSB0G_1,0,10,-9999,-9999,-9999,-9999,-9999,-9999,-9999,-9999,-9999,-9999,-9999,-9999,-9999,-9999,-9999,-9999,-9999
MINS0G_1,0,38,0,0,0,0,0,0,0,0,0,0,20.00000007,20.00000007,20.0000196,20.00000036,20.00002326,20.0000001,20.0000205
WTG_EWEH0G_1,0,39,0,0,0,0,0,0,0,0,0,0,0,0,0,0,0,0,0
