Name,Min Q,Max Q,Stage -1,Stage 0,Stage 1,Stage 2,Stage 3,Stage 4,Stage 5,Stage 6,Stage 7,Stage 8,Stage 9,Stage 10,Stage 11,Stage 12,Stage 13,Stage 14,Stage 15
STCR5-_1,-18.634721755981445,18.634721755981445,0.9139999747276875,0.9139999747276875,-4.2712481181854125,-4.2712481181854125,-3.5394683350800795,-3.868862982632222,-4.886115723475408,-5.835243722296732,-1.0101141953948212,-0.5048194988714658,-3.202962470759013,-3.6159537497733107,-5.2191687725019715,-2.5609195759502934,-5.474113724416589,-5.0903708770701215,-5.966537719610439
CRAG0A_1,-3.469693183898926,3.469693183898926,0.0,0.0,0.0,0.0,0.0,0.0,0.0,0.0,0.0,0.0,0.0,0.0,0.0,0.0,0.0,0.0,0.0
CRAG0B_1,-0.7813688516616821,0.7813688516616821,0.0,0.0,0.0,0.0,0.0,0.0,0.0,0.0,0.0,0.0,1.2924697071141057e-26,-1.2924697071141057e-26,6.462348535570529e-27,-1.2924697071141057e-26,6.462348535570529e-27,0.0,0.0
EWHC0G_1,-3.944000005722046,3.944000005722046,0.0,0.0,0.0,0.0,0.0,0.0,0.0,0.0,0.0,0.0,0.0,0.0,0.0,3.9439999793746208,3.428291352528161,3.7245676863566497,2.6496472272047686
WYSB0G_1,0.0,0.0,-9999.0,-9999.0,-9999.0,-9999.0,-9999.0,-9999.0,-9999.0,-9999.0,-9999.0,-9999.0,-9999.0,-9999.0,-9999.0,-9999.0,-9999.0,-9999.0,-9999.0
MINS0G_1,-10.490001678466797,14.129999160766602,0.0,0.0,0.0,0.0,0.0,0.0,0.0,0.0,0.0,0.0,5.830455431995464,6.551268996929039,3.1257818700125433,9.757102864033678,4.70869054547327,5.546612513526171,3.7187387882114153
WTG_EWEH0G_1,-10.920000076293945,15.64216136932373,0.0,0.0,0.0,0.0,0.0,0.0,0.0,0.0,0.0,0.0,0.0,0.0,0.0,0.0,0.0,0.0,0.0
