Name,Min P,Max P,Stage -1,Stage 0,Stage 1,Stage 2,Stage 3,Stage 4,Stage 5,Stage 6,Stage 7,Stage 8,Stage 9,Stage 10,Stage 11,Stage 12,Stage 13,Stage 14,Stage 15
STCR5-_1,0,45.0,4.500000021999988,4.500000021999945,4.512013133995324,4.512013133995324,5.010628075493876,5.514017813492894,5.549108361067423,5.646881306425705,26.156886760911085,30.884519221484275,17.533649464314543,25.214584101225853,19.350644343221273,41.81353531872115,33.19756643725842,36.063750320951556,30.9127332133923
CRAG0A_1,0,8.0,0.0,0.0,0.0,0.0,0.0,0.0,0.0,0.0,0.0,0.0,0.0,0.0,0.0,0.0,0.0,0.0,0.0
CRAG0B_1,0,2.200000047683716,0.0,0.0,0.0,0.0,0.0,0.0,0.0,0.0,0.0,0.0,2.0000000267028642e-10,2.000000026702864e-10,2.0000000267028637e-10,2.0000000267028642e-10,2.000000026702864e-10,2.0000000267028637e-10,2.0000000267028642e-10
EWHC0G_1,0,12.0,0.0,0.0,0.0,0.0,0.0,0.0,0.0,0.0,0.0,0.0,0.0,0.0,0.0,4.999999951435548,5.000014879242129,5.000000180090086,5.0000130454949465
WYSB0G_1,0,10.0,-9999.0,-9999.0,-9999.0,-9999.0,-9999.0,-9999.0,-9999.0,-9999.0,-9999.0,-9999.0,-9999.0,-9999.0,-9999.0,-9999.0,-9999.0,-9999.0,-9999.0
MINS0G_1,0,38.0,0.0,0.0,0.0,0.0,0.0,0.0,0.0,0.0,0.0,0.0,20.000000069022455,20.000000066261293,20.000019595642488,20.00000035957495,20.000023262599953,20.000000096049902,20.000020497160634
WTG_EWEH0G_1,0,39.0,0.0,0.0,0.0,0.0,0.0,0.0,0.0,0.0,0.0,0.0,0.0,0.0,0.0,0.0,0.0,0.0,0.0
