Name,Min P,Max P,Step -2,Step -1,Step 0,Step 1,Step 2,Step 3,Step 4,Step 5,Step 6,Step 7,Step 8,Step 9,Step 10,Step 11,Step 12,Step 13,Step 14,Step 15,Step 16,Step 17,Step 18,Step 19,Step 20,Step 21,Step 22,Step 23,Step 24,Step 25,Step 26,Step 27,Step 28,Step 29,Step 30,Step 31
STCR5-_1,0,45,0,0,4.512013134,4.512013134,4.512013134,5.010628075,5.010628075,5.514017813,5.514017813,5.549108361,5.549108361,5.549108361,5.646881306,5.646881306,5.646881306,5.646881306,15.90188403,26.15688676,30.88451922,19.73364953,27.41458417,21.55066394,21.55066394,44.56353563,44.56353563,34.56353563,34.56353563,25.94760458,28.8137506,23.66276676,23.66276676,23.66276676,23.66276676,23.66276676
CRAG0A_1,0,8,0,0,0,0,0,0,0,0,0,0,0,0,0,0,0,0,0,0,0,0,0,0,0,0,0,0,0,0,0,0,0,0,0,0
CRAG0B_1,0,2.200000048,0,0,0,0,0,0,0,0,0,0.00E+00,0.00E+00,0.00E+00,0.00E+00,0.00E+00,0.00E+00,0.00E+00,0,0,0,2.00E-10,2.00E-10,2.00E-10,2.00E-10,2.00E-10,2.00E-10,2.00E-10,2.00E-10,2.00E-10,2.00E-10,2.00E-10,2.00E-10,2.00E-10,2.00E-10,2.00E-10
EWHC0G_1,0,12,0,0,0,0,0,0,0,0,0,0,0,0,0,0,0,0,0,0,0,2.4,2.4,2.4,2.4,3,3,5.4,5.4,5.4,5.4,5.4,5.4,5.4,5.4,5.4
WYSB0G_1,0,10,0,0,0,0,0,0,0,0,0,0,0,0,0,0,0,0,0,0,0,0,0,0,0,0,0,0,0,0,0,0,0,0,0,0
MINS0G_1,0,38,0,0,0,0,0,0,0,0,0,0,0,0,0,0,0,0,0,0,0,7.6,7.6,7.6,7.6,9.5,9.5,17.1,17.1,17.1,17.1,17.1,17.1,17.1,17.1,17.1
WTG_EWEH0G_1,0,39,0,0,0,0,0,0,0,0,0,0,0,0,0,0,0,0,0,0,0,7.8,7.8,7.8,7.8,9.75,9.75,9.75,9.75,9.75,9.75,9.75,9.75,9.75,9.75,9.75
