Name,Min P,Max P,Step -2,Step -1,Step 0,Step 1,Step 2,Step 3,Step 4,Step 5,Step 6,Step 7,Step 8,Step 9,Step 10,Step 11,Step 12,Step 13,Step 14,Step 15,Step 16,Step 17,Step 18,Step 19,Step 20,Step 21,Step 22,Step 23,Step 24,Step 25,Step 26,Step 27,Step 28,Step 29,Step 30,Step 31,Step 32,Step 33,Step 34
STCR5-_1,0,45.0,0,0,4.512013133995324,4.512013133995324,4.512013133995324,5.010628075493876,5.010628075493876,5.514017813492894,5.514017813492894,5.549108361067423,5.549108361067423,5.549108361067423,5.646881306425705,5.646881306425705,5.646881306425705,5.646881306425705,5.646881306425705,15.901884033668395,26.156886760911085,30.884519221484275,19.733649533337,27.41458416748715,21.550663938863764,21.550663938863764,44.563535629731646,44.563535629731646,34.563535629731646,34.563535629731646,25.9476045791005,28.813750597091534,23.66276675604788,23.66276675604788,23.66276675604788,23.66276675604788,23.66276675604788,23.66276675604788,23.66276675604788
CRAG0A_1,0,8.0,0,0,0.0,0.0,0.0,0.0,0.0,0.0,0.0,0.0,0.0,0.0,0.0,0.0,0.0,0.0,0.0,0.0,0.0,0.0,0.0,0.0,0.0,0.0,0.0,0.0,0.0,0.0,0.0,0.0,0.0,0.0,0.0,0.0,0.0,0.0,0.0
CRAG0B_1,0,2.200000047683716,0,0,0.0,0.0,0.0,0.0,0.0,0.0,0.0,0.0,0.0,0.0,0.0,0.0,0.0,0.0,0.0,0.0,0.0,0.0,2.0000000267028642e-10,2.0000000267028642e-10,2.0000000267028642e-10,2.0000000267028642e-10,2.0000000267028642e-10,2.0000000267028642e-10,2.0000000267028642e-10,2.0000000267028642e-10,2.000000026702864e-10,2.0000000267028637e-10,2.0000000267028642e-10,2.0000000267028642e-10,2.0000000267028642e-10,2.0000000267028642e-10,2.0000000267028642e-10,2.0000000267028642e-10,2.0000000267028642e-10
EWHC0G_1,0,12.0,0,0,0.0,0.0,0.0,0.0,0.0,0.0,0.0,0.0,0.0,0.0,0.0,0.0,0.0,0.0,0.0,0.0,0.0,0.0,2.4000000000000004,2.4000000000000004,2.4000000000000004,2.4000000000000004,3.0,3.0,5.4,5.4,5.4,5.4,5.4,5.4,5.4,5.4,5.4,5.4,5.4
WYSB0G_1,0,10.0,0,0,0.0,0.0,0.0,0.0,0.0,0.0,0.0,0.0,0.0,0.0,0.0,0.0,0.0,0.0,0.0,0.0,0.0,0.0,0.0,0.0,0.0,0.0,0.0,0.0,0.0,0.0,0.0,0.0,0.0,0.0,0.0,0.0,0.0,0.0,0.0
MINS0G_1,0,38.0,0,0,0.0,0.0,0.0,0.0,0.0,0.0,0.0,0.0,0.0,0.0,0.0,0.0,0.0,0.0,0.0,0.0,0.0,0.0,7.6000000000000005,7.6000000000000005,7.6000000000000005,7.6000000000000005,9.5,9.5,17.1,17.1,17.1,17.1,17.1,17.1,17.1,17.1,17.1,17.1,17.1
WTG_EWEH0G_1,0,39.0,0,0,0.0,0.0,0.0,0.0,0.0,0.0,0.0,0.0,0.0,0.0,0.0,0.0,0.0,0.0,0.0,0.0,0.0,0.0,7.800000000000001,7.800000000000001,7.800000000000001,7.800000000000001,9.75,9.75,9.75,9.75,9.75,9.75,9.75,9.75,9.75,9.75,9.75,9.75,9.75
